{
"up vecs":
    [{
"[0, 0]": [[-0.08441962],
    [-0.99499665],
    [-0.05343209]],
"[0, 1]": [[-0.10005934],
    [-0.99490884],
    [-0.01202171]],
"[1, 0]": [[-0.07004   ],
    [-0.99654685],
    [-0.04459569]],
"[1, 1]": [[-0.06623445],
    [-0.99758491],
    [-0.02091285]],
"[2, 0]": [[-0.05101405],
    [-0.99634316],
    [-0.06854106]],
"[2, 1]": [[-0.05697568],
    [-0.99829758],
    [-0.01247843]],
"[3, 0]": [[-0.05861458],
    [-0.99570275],
    [-0.07169634]],
"[3, 1]": [[-0.05276404],
    [-0.99536198],
    [-0.08043928]],
"[4, 0]": [[-0.06981194],
    [-0.99213514],
    [-0.10389493]],
"[4, 1]": [[-0.05538955],
    [-0.99523631],
    [-0.08022896]],
"[5, 0]": [[-0.05357379],
    [-0.99145499],
    [-0.11894051]],
"[5, 1]": [[-0.01186356],
    [-0.99573351],
    [-0.09150971]],
"[6, 0]": [[-0.05883202],
    [-0.98997358],
    [-0.12841769]],
"[6, 1]": [[ 3.94229021e-04],
    [-9.96570021e-01],
    [-8.27528753e-02]]}],

"x ranges":
    [[193000.0, 675958.8571428572],
    [675958.8571428572, 781805.7142857143],
    [781805.7142857143, 887652.5714285714],
    [887652.5714285714, 993499.4285714286],
    [993499.4285714286, 1099346.2857142857],
    [1099346.2857142857, 1205193.1428571427],
    [1205193.1428571427, 1737600.0]],

"z_ranges" :
    [[592000.0, 842260.0], 
    [842260.0, 1115200.0]],

"_comment_old_x_ranges":
    [[570112.0, 675958.8571428572],
    [675958.8571428572, 781805.7142857143],
    [781805.7142857143, 887652.5714285714],
    [887652.5714285714, 993499.4285714286],
    [993499.4285714286, 1099346.2857142857],
    [1099346.2857142857, 1205193.1428571427],
    [1205193.1428571427, 1311040.0]],

"_comment_old_z_ranges":
    [[570112.0, 675958.8571428572],
    [675958.8571428572, 781805.7142857143],
    [781805.7142857143, 887652.5714285714],
    [887652.5714285714, 993499.4285714286],
    [993499.4285714286, 1099346.2857142857],
    [1099346.2857142857, 1205193.1428571427],
    [1205193.1428571427, 1311040.0]]
}